<?xml version="1.0" encoding="UTF-8"?>
<GenRun Id="synth_1" LaunchPart="xc7a35ticpg236-1L" LaunchTime="1510878956">
  <File Type="VDS-TIMING-PB" Name="Lab11_timing_summary_synth.pb"/>
  <File Type="VDS-TIMINGSUMMARY" Name="Lab11_timing_summary_synth.rpt"/>
  <File Type="RDS-DCP" Name="Lab11.dcp"/>
  <File Type="RDS-UTIL-PB" Name="Lab11_utilization_synth.pb"/>
  <File Type="RDS-UTIL" Name="Lab11_utilization_synth.rpt"/>
  <File Type="RDS-PROPCONSTRS" Name="Lab11_drc_synth.rpt"/>
  <File Type="RDS-RDS" Name="Lab11.vds"/>
  <File Type="PA-TCL" Name="Lab11.tcl"/>
  <FileSet Name="sources" Type="DesignSrcs" RelSrcDir="$PSRCDIR/sources_1">
    <Filter Type="Srcs"/>
    <File Path="$PSRCDIR/sources_1/imports/Lab11-vel/main.v">
      <FileInfo>
        <Attr Name="ImportPath" Val="$PPRDIR/../../zpmarvel/src/classes/cscib441-2017fall/Lab11-vel/main.v"/>
        <Attr Name="ImportTime" Val="1510866879"/>
        <Attr Name="UsedIn" Val="synthesis"/>
        <Attr Name="UsedIn" Val="implementation"/>
        <Attr Name="UsedIn" Val="simulation"/>
      </FileInfo>
    </File>
    <Config>
      <Option Name="DesignMode" Val="RTL"/>
      <Option Name="TopModule" Val="Lab11"/>
      <Option Name="TopAutoSet" Val="TRUE"/>
    </Config>
  </FileSet>
  <FileSet Name="constrs_in" Type="Constrs" RelSrcDir="$PSRCDIR/constrs_1">
    <Filter Type="Constrs"/>
    <File Path="$PSRCDIR/constrs_1/imports/Lab11-vel/main.xdc">
      <FileInfo>
        <Attr Name="ImportPath" Val="$PPRDIR/../../zpmarvel/src/classes/cscib441-2017fall/Lab11-vel/main.xdc"/>
        <Attr Name="ImportTime" Val="1510867059"/>
        <Attr Name="UsedIn" Val="synthesis"/>
        <Attr Name="UsedIn" Val="implementation"/>
      </FileInfo>
    </File>
    <Config>
      <Option Name="ConstrsType" Val="XDC"/>
    </Config>
  </FileSet>
  <Strategy Version="1" Minor="2">
    <StratHandle Name="Vivado Synthesis Defaults" Flow="Vivado Synthesis 2017"/>
    <Step Id="synth_design"/>
  </Strategy>
</GenRun>
