<?xml version="1.0" encoding="UTF-8"?>
<GenRun Id="impl_1" LaunchPart="xc7a35ticpg236-1L" LaunchTime="1506031414">
  <File Type="PLACE-CLK" Name="hierarchical_fulladder_clock_utilization_placed.rpt"/>
  <File Type="OPT-HWDEF" Name="hierarchical_fulladder.hwdef"/>
  <File Type="OPT-TIMING" Name="hierarchical_fulladder_timing_summary_opted.rpt"/>
  <File Type="POSTPLACE-PWROPT-TIMING" Name="hierarchical_fulladder_timing_summary_postplace_pwropted.rpt"/>
  <File Type="PLACE-UTIL" Name="hierarchical_fulladder_utilization_placed.rpt"/>
  <File Type="PWROPT-DRC" Name="hierarchical_fulladder_drc_pwropted.rpt"/>
  <File Type="PHYSOPT-TIMING" Name="hierarchical_fulladder_timing_summary_physopted.rpt"/>
  <File Type="PLACE-UTIL-PB" Name="hierarchical_fulladder_utilization_placed.pb"/>
  <File Type="PWROPT-TIMING" Name="hierarchical_fulladder_timing_summary_pwropted.rpt"/>
  <File Type="PLACE-IO" Name="hierarchical_fulladder_io_placed.rpt"/>
  <File Type="PLACE-CTRL" Name="hierarchical_fulladder_control_sets_placed.rpt"/>
  <File Type="ROUTE-STATUS" Name="hierarchical_fulladder_route_status.rpt"/>
  <File Type="ROUTE-STATUS-PB" Name="hierarchical_fulladder_route_status.pb"/>
  <File Type="BITSTR-BMM" Name="hierarchical_fulladder_bd.bmm"/>
  <File Type="PWROPT-DCP" Name="hierarchical_fulladder_pwropt.dcp"/>
  <File Type="BITSTR-SYSDEF" Name="hierarchical_fulladder.sysdef"/>
  <File Type="ROUTE-TIMINGSUMMARY" Name="hierarchical_fulladder_timing_summary_routed.rpt"/>
  <File Type="BG-BGN" Name="hierarchical_fulladder.bgn"/>
  <File Type="POSTROUTE-PHYSOPT-TIMING" Name="hierarchical_fulladder_timing_summary_postroute_physopted.rpt"/>
  <File Type="WBT-USG" Name="usage_statistics_webtalk.html"/>
  <File Type="PLACE-DCP" Name="hierarchical_fulladder_placed.dcp"/>
  <File Type="BITSTR-MMI" Name="hierarchical_fulladder.mmi"/>
  <File Type="BG-DRC" Name="hierarchical_fulladder.drc"/>
  <File Type="POSTROUTE-PHYSOPT-BLACKBOX-DCP" Name="hierarchical_fulladder_postroute_physopt_bb.dcp"/>
  <File Type="BITSTR-RBT" Name="hierarchical_fulladder.rbt"/>
  <File Type="ROUTE-SIMILARITY" Name="hierarchical_fulladder_incremental_reuse_routed.rpt"/>
  <File Type="ROUTE-ERROR-DCP" Name="hierarchical_fulladder_routed_error.dcp"/>
  <File Type="ROUTE-DCP" Name="hierarchical_fulladder_routed.dcp"/>
  <File Type="BG-BIT" Name="hierarchical_fulladder.bit"/>
  <File Type="ROUTE-BLACKBOX-DCP" Name="hierarchical_fulladder_routed_bb.dcp"/>
  <File Type="ROUTE-DRC" Name="hierarchical_fulladder_drc_routed.rpt"/>
  <File Type="ROUTE-METHODOLOGY-DRC" Name="hierarchical_fulladder_methodology_drc_routed.rpt"/>
  <File Type="ROUTE-DRC-PB" Name="hierarchical_fulladder_drc_routed.pb"/>
  <File Type="ROUTE-METHODOLOGY-DRC-PB" Name="hierarchical_fulladder_methodology_drc_routed.pb"/>
  <File Type="ROUTE-PWR-SUM" Name="hierarchical_fulladder_power_summary_routed.pb"/>
  <File Type="ROUTE-METHODOLOGY-DRC-RPX" Name="hierarchical_fulladder_methodology_drc_routed.rpx"/>
  <File Type="PHYSOPT-DCP" Name="hierarchical_fulladder_physopt.dcp"/>
  <File Type="ROUTE-PWR-RPX" Name="hierarchical_fulladder_power_routed.rpx"/>
  <File Type="PHYSOPT-DRC" Name="hierarchical_fulladder_drc_physopted.rpt"/>
  <File Type="ROUTE-DRC-RPX" Name="hierarchical_fulladder_drc_routed.rpx"/>
  <File Type="ROUTE-PWR" Name="hierarchical_fulladder_power_routed.rpt"/>
  <File Type="PA-TCL" Name="hierarchical_fulladder.tcl"/>
  <File Type="POSTPLACE-PWROPT-DCP" Name="hierarchical_fulladder_postplace_pwropt.dcp"/>
  <File Type="PLACE-SIMILARITY" Name="hierarchical_fulladder_incremental_reuse_placed.rpt"/>
  <File Type="PLACE-PRE-SIMILARITY" Name="hierarchical_fulladder_incremental_reuse_pre_placed.rpt"/>
  <File Type="OPT-METHODOLOGY-DRC" Name="hierarchical_fulladder_methodology_drc_opted.rpt"/>
  <File Type="OPT-DCP" Name="hierarchical_fulladder_opt.dcp"/>
  <File Type="OPT-DRC" Name="hierarchical_fulladder_drc_opted.rpt"/>
  <File Type="INIT-TIMING" Name="hierarchical_fulladder_timing_summary_init.rpt"/>
  <File Type="PLACE-TIMING" Name="hierarchical_fulladder_timing_summary_placed.rpt"/>
  <File Type="RDI-RDI" Name="hierarchical_fulladder.vdi"/>
  <File Type="POSTROUTE-PHYSOPT-TIMING-PB" Name="hierarchical_fulladder_timing_summary_postroute_physopted.pb"/>
  <File Type="POSTROUTE-PHYSOPT-DCP" Name="hierarchical_fulladder_postroute_physopt.dcp"/>
  <File Type="BG-BIN" Name="hierarchical_fulladder.bin"/>
  <File Type="ROUTE-TIMING-PB" Name="hierarchical_fulladder_timing_summary_routed.pb"/>
  <File Type="POSTROUTE-PHYSOPT-TIMING-RPX" Name="hierarchical_fulladder_timing_summary_postroute_physopted.rpx"/>
  <File Type="BITSTR-MSK" Name="hierarchical_fulladder.msk"/>
  <File Type="ROUTE-TIMING-RPX" Name="hierarchical_fulladder_timing_summary_routed.rpx"/>
  <File Type="BITSTR-NKY" Name="hierarchical_fulladder.nky"/>
  <File Type="ROUTE-CLK" Name="hierarchical_fulladder_clock_utilization_routed.rpt"/>
  <FileSet Name="sources" Type="DesignSrcs" RelSrcDir="$PSRCDIR/sources_1">
    <Filter Type="Srcs"/>
    <File Path="$PSRCDIR/sources_1/new/fulladder.v">
      <FileInfo>
        <Attr Name="ImportPath" Val="$PPRDIR/../fulladder/fulladder.srcs/sources_1/new/fulladder.v"/>
        <Attr Name="ImportTime" Val="1507239573"/>
        <Attr Name="UsedIn" Val="synthesis"/>
        <Attr Name="UsedIn" Val="implementation"/>
        <Attr Name="UsedIn" Val="simulation"/>
      </FileInfo>
    </File>
    <Config>
      <Option Name="DesignMode" Val="RTL"/>
      <Option Name="TopModule" Val="hierarchical_fulladder"/>
      <Option Name="TopAutoSet" Val="TRUE"/>
    </Config>
  </FileSet>
  <FileSet Name="constrs_in" Type="Constrs" RelSrcDir="$PSRCDIR/constrs_1">
    <Filter Type="Constrs"/>
    <File Path="$PSRCDIR/constrs_1/new/fulladder.xdc">
      <FileInfo>
        <Attr Name="ImportPath" Val="$PPRDIR/../fulladder/fulladder.srcs/constrs_1/new/fulladder.xdc"/>
        <Attr Name="ImportTime" Val="1506030880"/>
        <Attr Name="UsedIn" Val="synthesis"/>
        <Attr Name="UsedIn" Val="implementation"/>
      </FileInfo>
    </File>
    <Config>
      <Option Name="ConstrsType" Val="XDC"/>
    </Config>
  </FileSet>
  <Strategy Version="1" Minor="2">
    <StratHandle Name="Vivado Implementation Defaults" Flow="Vivado Implementation 2017"/>
    <Step Id="init_design"/>
    <Step Id="opt_design"/>
    <Step Id="power_opt_design"/>
    <Step Id="place_design"/>
    <Step Id="post_place_power_opt_design"/>
    <Step Id="phys_opt_design"/>
    <Step Id="route_design"/>
    <Step Id="post_route_phys_opt_design"/>
    <Step Id="write_bitstream"/>
  </Strategy>
</GenRun>
