<?xml version="1.0" encoding="UTF-8"?>
<GenRun Id="impl_1" LaunchPart="xc7a35ticpg236-1L" LaunchTime="1510879062">
  <File Type="WBT-USG" Name="usage_statistics_webtalk.html"/>
  <File Type="BG-DRC" Name="Lab11.drc"/>
  <File Type="BG-BGN" Name="Lab11.bgn"/>
  <File Type="BITSTR-SYSDEF" Name="Lab11.sysdef"/>
  <File Type="BITSTR-MMI" Name="Lab11.mmi"/>
  <File Type="BITSTR-BMM" Name="Lab11_bd.bmm"/>
  <File Type="BITSTR-NKY" Name="Lab11.nky"/>
  <File Type="BITSTR-RBT" Name="Lab11.rbt"/>
  <File Type="BITSTR-MSK" Name="Lab11.msk"/>
  <File Type="BG-BIN" Name="Lab11.bin"/>
  <File Type="BG-BIT" Name="Lab11.bit"/>
  <File Type="POSTROUTE-PHYSOPT-TIMING-RPX" Name="Lab11_timing_summary_postroute_physopted.rpx"/>
  <File Type="POSTROUTE-PHYSOPT-TIMING-PB" Name="Lab11_timing_summary_postroute_physopted.pb"/>
  <File Type="POSTROUTE-PHYSOPT-TIMING" Name="Lab11_timing_summary_postroute_physopted.rpt"/>
  <File Type="POSTROUTE-PHYSOPT-BLACKBOX-DCP" Name="Lab11_postroute_physopt_bb.dcp"/>
  <File Type="POSTROUTE-PHYSOPT-DCP" Name="Lab11_postroute_physopt.dcp"/>
  <File Type="ROUTE-CLK" Name="Lab11_clock_utilization_routed.rpt"/>
  <File Type="ROUTE-SIMILARITY" Name="Lab11_incremental_reuse_routed.rpt"/>
  <File Type="ROUTE-TIMING-RPX" Name="Lab11_timing_summary_routed.rpx"/>
  <File Type="ROUTE-TIMING-PB" Name="Lab11_timing_summary_routed.pb"/>
  <File Type="ROUTE-TIMINGSUMMARY" Name="Lab11_timing_summary_routed.rpt"/>
  <File Type="ROUTE-STATUS-PB" Name="Lab11_route_status.pb"/>
  <File Type="ROUTE-STATUS" Name="Lab11_route_status.rpt"/>
  <File Type="ROUTE-PWR-RPX" Name="Lab11_power_routed.rpx"/>
  <File Type="ROUTE-PWR-SUM" Name="Lab11_power_summary_routed.pb"/>
  <File Type="ROUTE-PWR" Name="Lab11_power_routed.rpt"/>
  <File Type="ROUTE-METHODOLOGY-DRC-PB" Name="Lab11_methodology_drc_routed.pb"/>
  <File Type="ROUTE-METHODOLOGY-DRC-RPX" Name="Lab11_methodology_drc_routed.rpx"/>
  <File Type="ROUTE-METHODOLOGY-DRC" Name="Lab11_methodology_drc_routed.rpt"/>
  <File Type="ROUTE-DRC-RPX" Name="Lab11_drc_routed.rpx"/>
  <File Type="ROUTE-DRC-PB" Name="Lab11_drc_routed.pb"/>
  <File Type="ROUTE-DRC" Name="Lab11_drc_routed.rpt"/>
  <File Type="ROUTE-BLACKBOX-DCP" Name="Lab11_routed_bb.dcp"/>
  <File Type="ROUTE-DCP" Name="Lab11_routed.dcp"/>
  <File Type="ROUTE-ERROR-DCP" Name="Lab11_routed_error.dcp"/>
  <File Type="PHYSOPT-TIMING" Name="Lab11_timing_summary_physopted.rpt"/>
  <File Type="PHYSOPT-DRC" Name="Lab11_drc_physopted.rpt"/>
  <File Type="PHYSOPT-DCP" Name="Lab11_physopt.dcp"/>
  <File Type="POSTPLACE-PWROPT-TIMING" Name="Lab11_timing_summary_postplace_pwropted.rpt"/>
  <File Type="RDI-RDI" Name="Lab11.vdi"/>
  <File Type="PLACE-TIMING" Name="Lab11_timing_summary_placed.rpt"/>
  <File Type="PLACE-PRE-SIMILARITY" Name="Lab11_incremental_reuse_pre_placed.rpt"/>
  <File Type="PLACE-SIMILARITY" Name="Lab11_incremental_reuse_placed.rpt"/>
  <File Type="PLACE-CTRL" Name="Lab11_control_sets_placed.rpt"/>
  <File Type="PLACE-UTIL-PB" Name="Lab11_utilization_placed.pb"/>
  <File Type="PLACE-UTIL" Name="Lab11_utilization_placed.rpt"/>
  <File Type="PLACE-CLK" Name="Lab11_clock_utilization_placed.rpt"/>
  <File Type="PLACE-IO" Name="Lab11_io_placed.rpt"/>
  <File Type="PLACE-DCP" Name="Lab11_placed.dcp"/>
  <File Type="PWROPT-TIMING" Name="Lab11_timing_summary_pwropted.rpt"/>
  <File Type="PWROPT-DRC" Name="Lab11_drc_pwropted.rpt"/>
  <File Type="PWROPT-DCP" Name="Lab11_pwropt.dcp"/>
  <File Type="OPT-TIMING" Name="Lab11_timing_summary_opted.rpt"/>
  <File Type="OPT-HWDEF" Name="Lab11.hwdef"/>
  <File Type="OPT-METHODOLOGY-DRC" Name="Lab11_methodology_drc_opted.rpt"/>
  <File Type="OPT-DRC" Name="Lab11_drc_opted.rpt"/>
  <File Type="OPT-DCP" Name="Lab11_opt.dcp"/>
  <File Type="INIT-TIMING" Name="Lab11_timing_summary_init.rpt"/>
  <File Type="POSTPLACE-PWROPT-DCP" Name="Lab11_postplace_pwropt.dcp"/>
  <File Type="PA-TCL" Name="Lab11.tcl"/>
  <FileSet Name="sources" Type="DesignSrcs" RelSrcDir="$PSRCDIR/sources_1">
    <Filter Type="Srcs"/>
    <File Path="$PSRCDIR/sources_1/imports/Lab11-vel/main.v">
      <FileInfo>
        <Attr Name="ImportPath" Val="$PPRDIR/../../zpmarvel/src/classes/cscib441-2017fall/Lab11-vel/main.v"/>
        <Attr Name="ImportTime" Val="1510866879"/>
        <Attr Name="UsedIn" Val="synthesis"/>
        <Attr Name="UsedIn" Val="implementation"/>
        <Attr Name="UsedIn" Val="simulation"/>
      </FileInfo>
    </File>
    <Config>
      <Option Name="DesignMode" Val="RTL"/>
      <Option Name="TopModule" Val="Lab11"/>
      <Option Name="TopAutoSet" Val="TRUE"/>
    </Config>
  </FileSet>
  <FileSet Name="constrs_in" Type="Constrs" RelSrcDir="$PSRCDIR/constrs_1">
    <Filter Type="Constrs"/>
    <File Path="$PSRCDIR/constrs_1/imports/Lab11-vel/main.xdc">
      <FileInfo>
        <Attr Name="ImportPath" Val="$PPRDIR/../../zpmarvel/src/classes/cscib441-2017fall/Lab11-vel/main.xdc"/>
        <Attr Name="ImportTime" Val="1510867059"/>
        <Attr Name="UsedIn" Val="synthesis"/>
        <Attr Name="UsedIn" Val="implementation"/>
      </FileInfo>
    </File>
    <Config>
      <Option Name="ConstrsType" Val="XDC"/>
    </Config>
  </FileSet>
  <Strategy Version="1" Minor="2">
    <StratHandle Name="Vivado Implementation Defaults" Flow="Vivado Implementation 2017"/>
    <Step Id="init_design"/>
    <Step Id="opt_design"/>
    <Step Id="power_opt_design"/>
    <Step Id="place_design"/>
    <Step Id="post_place_power_opt_design"/>
    <Step Id="phys_opt_design"/>
    <Step Id="route_design"/>
    <Step Id="post_route_phys_opt_design"/>
    <Step Id="write_bitstream"/>
  </Strategy>
</GenRun>
