<?xml version="1.0" encoding="UTF-8"?>
<GenRun Id="impl_1" LaunchPart="xc7a35ticpg236-1L" LaunchTime="1506632943">
  <File Type="BITSTR-NKY" Name="mult.nky"/>
  <File Type="ROUTE-TIMING-RPX" Name="mult_timing_summary_routed.rpx"/>
  <File Type="BITSTR-MSK" Name="mult.msk"/>
  <File Type="POSTROUTE-PHYSOPT-TIMING-RPX" Name="mult_timing_summary_postroute_physopted.rpx"/>
  <File Type="ROUTE-TIMING-PB" Name="mult_timing_summary_routed.pb"/>
  <File Type="BG-BIN" Name="mult.bin"/>
  <File Type="ROUTE-DCP" Name="mult_routed.dcp"/>
  <File Type="BG-BIT" Name="mult.bit"/>
  <File Type="POSTROUTE-PHYSOPT-DCP" Name="mult_postroute_physopt.dcp"/>
  <File Type="PHYSOPT-DRC" Name="mult_drc_physopted.rpt"/>
  <File Type="PHYSOPT-DCP" Name="mult_physopt.dcp"/>
  <File Type="POSTROUTE-PHYSOPT-TIMING-PB" Name="mult_timing_summary_postroute_physopted.pb"/>
  <File Type="RDI-RDI" Name="mult.vdi"/>
  <File Type="PLACE-TIMING" Name="mult_timing_summary_placed.rpt"/>
  <File Type="PLACE-SIMILARITY" Name="mult_incremental_reuse_placed.rpt"/>
  <File Type="PLACE-CTRL" Name="mult_control_sets_placed.rpt"/>
  <File Type="PLACE-PRE-SIMILARITY" Name="mult_incremental_reuse_pre_placed.rpt"/>
  <File Type="OPT-METHODOLOGY-DRC" Name="mult_methodology_drc_opted.rpt"/>
  <File Type="POSTPLACE-PWROPT-DCP" Name="mult_postplace_pwropt.dcp"/>
  <File Type="PA-TCL" Name="mult.tcl"/>
  <File Type="OPT-DCP" Name="mult_opt.dcp"/>
  <File Type="PLACE-CLK" Name="mult_clock_utilization_placed.rpt"/>
  <File Type="ROUTE-SIMILARITY" Name="mult_incremental_reuse_routed.rpt"/>
  <File Type="BITSTR-RBT" Name="mult.rbt"/>
  <File Type="ROUTE-TIMINGSUMMARY" Name="mult_timing_summary_routed.rpt"/>
  <File Type="BG-BGN" Name="mult.bgn"/>
  <File Type="BITSTR-SYSDEF" Name="mult.sysdef"/>
  <File Type="PWROPT-DCP" Name="mult_pwropt.dcp"/>
  <File Type="BITSTR-BMM" Name="mult_bd.bmm"/>
  <File Type="ROUTE-STATUS-PB" Name="mult_route_status.pb"/>
  <File Type="ROUTE-METHODOLOGY-DRC-RPX" Name="mult_methodology_drc_routed.rpx"/>
  <File Type="ROUTE-PWR-SUM" Name="mult_power_summary_routed.pb"/>
  <File Type="ROUTE-PWR" Name="mult_power_routed.rpt"/>
  <File Type="ROUTE-DRC-RPX" Name="mult_drc_routed.rpx"/>
  <File Type="ROUTE-STATUS" Name="mult_route_status.rpt"/>
  <File Type="ROUTE-ERROR-DCP" Name="mult_routed_error.dcp"/>
  <File Type="ROUTE-METHODOLOGY-DRC" Name="mult_methodology_drc_routed.rpt"/>
  <File Type="ROUTE-DRC" Name="mult_drc_routed.rpt"/>
  <File Type="PHYSOPT-TIMING" Name="mult_timing_summary_physopted.rpt"/>
  <File Type="PLACE-UTIL-PB" Name="mult_utilization_placed.pb"/>
  <File Type="ROUTE-DRC-PB" Name="mult_drc_routed.pb"/>
  <File Type="ROUTE-METHODOLOGY-DRC-PB" Name="mult_methodology_drc_routed.pb"/>
  <File Type="ROUTE-PWR-RPX" Name="mult_power_routed.rpx"/>
  <File Type="POSTROUTE-PHYSOPT-TIMING" Name="mult_timing_summary_postroute_physopted.rpt"/>
  <File Type="WBT-USG" Name="usage_statistics_webtalk.html"/>
  <File Type="BITSTR-MMI" Name="mult.mmi"/>
  <File Type="PLACE-DCP" Name="mult_placed.dcp"/>
  <File Type="ROUTE-BLACKBOX-DCP" Name="mult_routed_bb.dcp"/>
  <File Type="BG-DRC" Name="mult.drc"/>
  <File Type="POSTROUTE-PHYSOPT-BLACKBOX-DCP" Name="mult_postroute_physopt_bb.dcp"/>
  <File Type="ROUTE-CLK" Name="mult_clock_utilization_routed.rpt"/>
  <File Type="PLACE-IO" Name="mult_io_placed.rpt"/>
  <File Type="PWROPT-TIMING" Name="mult_timing_summary_pwropted.rpt"/>
  <File Type="PWROPT-DRC" Name="mult_drc_pwropted.rpt"/>
  <File Type="PLACE-UTIL" Name="mult_utilization_placed.rpt"/>
  <File Type="POSTPLACE-PWROPT-TIMING" Name="mult_timing_summary_postplace_pwropted.rpt"/>
  <File Type="OPT-TIMING" Name="mult_timing_summary_opted.rpt"/>
  <File Type="OPT-HWDEF" Name="mult.hwdef"/>
  <File Type="OPT-DRC" Name="mult_drc_opted.rpt"/>
  <File Type="INIT-TIMING" Name="mult_timing_summary_init.rpt"/>
  <FileSet Name="sources" Type="DesignSrcs" RelSrcDir="$PSRCDIR/sources_1">
    <Filter Type="Srcs"/>
    <File Path="$PSRCDIR/sources_1/new/4_to_1_mult.v">
      <FileInfo>
        <Attr Name="UsedIn" Val="synthesis"/>
        <Attr Name="UsedIn" Val="implementation"/>
        <Attr Name="UsedIn" Val="simulation"/>
      </FileInfo>
    </File>
    <Config>
      <Option Name="DesignMode" Val="RTL"/>
      <Option Name="TopModule" Val="mult"/>
      <Option Name="TopAutoSet" Val="TRUE"/>
    </Config>
  </FileSet>
  <FileSet Name="constrs_in" Type="Constrs" RelSrcDir="$PSRCDIR/constrs_1">
    <Filter Type="Constrs"/>
    <File Path="$PSRCDIR/constrs_1/new/4_to_1_mult.xdc">
      <FileInfo>
        <Attr Name="UsedIn" Val="synthesis"/>
        <Attr Name="UsedIn" Val="implementation"/>
      </FileInfo>
    </File>
    <Config>
      <Option Name="ConstrsType" Val="XDC"/>
    </Config>
  </FileSet>
  <Strategy Version="1" Minor="2">
    <StratHandle Name="Vivado Implementation Defaults" Flow="Vivado Implementation 2017"/>
    <Step Id="init_design"/>
    <Step Id="opt_design"/>
    <Step Id="power_opt_design"/>
    <Step Id="place_design"/>
    <Step Id="post_place_power_opt_design"/>
    <Step Id="phys_opt_design"/>
    <Step Id="route_design"/>
    <Step Id="post_route_phys_opt_design"/>
    <Step Id="write_bitstream"/>
  </Strategy>
</GenRun>
