<?xml version="1.0" encoding="UTF-8"?>
<GenRun Id="synth_1" LaunchPart="xc7a35ticpg236-1L" LaunchTime="1506631381">
  <File Type="RDS-PROPCONSTRS" Name="mult_sw_drc_synth.rpt"/>
  <File Type="RDS-UTIL" Name="mult_sw_utilization_synth.rpt"/>
  <File Type="RDS-RDS" Name="mult_sw.vds"/>
  <File Type="VDS-TIMING-PB" Name="mult_sw_timing_summary_synth.pb"/>
  <File Type="PA-TCL" Name="mult_sw.tcl"/>
  <File Type="VDS-TIMINGSUMMARY" Name="mult_sw_timing_summary_synth.rpt"/>
  <File Type="RDS-DCP" Name="mult_sw.dcp"/>
  <File Type="RDS-UTIL-PB" Name="mult_sw_utilization_synth.pb"/>
  <FileSet Name="sources" Type="DesignSrcs" RelSrcDir="$PSRCDIR/sources_1">
    <Filter Type="Srcs"/>
    <File Path="$PSRCDIR/sources_1/new/mult_sw.v">
      <FileInfo>
        <Attr Name="UsedIn" Val="synthesis"/>
        <Attr Name="UsedIn" Val="implementation"/>
        <Attr Name="UsedIn" Val="simulation"/>
      </FileInfo>
    </File>
    <Config>
      <Option Name="DesignMode" Val="RTL"/>
      <Option Name="TopModule" Val="mult_sw"/>
      <Option Name="TopAutoSet" Val="TRUE"/>
    </Config>
  </FileSet>
  <FileSet Name="constrs_in" Type="Constrs" RelSrcDir="$PSRCDIR/constrs_1">
    <Filter Type="Constrs"/>
    <File Path="$PSRCDIR/constrs_1/new/mult-sw.xdc">
      <FileInfo>
        <Attr Name="UsedIn" Val="synthesis"/>
        <Attr Name="UsedIn" Val="implementation"/>
      </FileInfo>
    </File>
    <Config>
      <Option Name="ConstrsType" Val="XDC"/>
    </Config>
  </FileSet>
  <Strategy Version="1" Minor="2">
    <StratHandle Name="Vivado Synthesis Defaults" Flow="Vivado Synthesis 2017"/>
    <Step Id="synth_design"/>
  </Strategy>
</GenRun>
