<?xml version="1.0" encoding="UTF-8"?>
<GenRun Id="impl_1" LaunchPart="xc7a35ticpg236-1L" LaunchTime="1509718302">
  <File Type="WBT-USG" Name="usage_statistics_webtalk.html"/>
  <File Type="BG-DRC" Name="two7segment.drc"/>
  <File Type="BG-BGN" Name="two7segment.bgn"/>
  <File Type="BITSTR-SYSDEF" Name="two7segment.sysdef"/>
  <File Type="BITSTR-MMI" Name="two7segment.mmi"/>
  <File Type="BITSTR-BMM" Name="two7segment_bd.bmm"/>
  <File Type="BITSTR-NKY" Name="two7segment.nky"/>
  <File Type="BITSTR-RBT" Name="two7segment.rbt"/>
  <File Type="BITSTR-MSK" Name="two7segment.msk"/>
  <File Type="BG-BIN" Name="two7segment.bin"/>
  <File Type="BG-BIT" Name="two7segment.bit"/>
  <File Type="POSTROUTE-PHYSOPT-TIMING-RPX" Name="two7segment_timing_summary_postroute_physopted.rpx"/>
  <File Type="POSTROUTE-PHYSOPT-TIMING-PB" Name="two7segment_timing_summary_postroute_physopted.pb"/>
  <File Type="POSTROUTE-PHYSOPT-TIMING" Name="two7segment_timing_summary_postroute_physopted.rpt"/>
  <File Type="POSTROUTE-PHYSOPT-BLACKBOX-DCP" Name="two7segment_postroute_physopt_bb.dcp"/>
  <File Type="POSTROUTE-PHYSOPT-DCP" Name="two7segment_postroute_physopt.dcp"/>
  <File Type="ROUTE-CLK" Name="two7segment_clock_utilization_routed.rpt"/>
  <File Type="ROUTE-SIMILARITY" Name="two7segment_incremental_reuse_routed.rpt"/>
  <File Type="ROUTE-TIMING-RPX" Name="two7segment_timing_summary_routed.rpx"/>
  <File Type="ROUTE-TIMING-PB" Name="two7segment_timing_summary_routed.pb"/>
  <File Type="ROUTE-TIMINGSUMMARY" Name="two7segment_timing_summary_routed.rpt"/>
  <File Type="ROUTE-STATUS-PB" Name="two7segment_route_status.pb"/>
  <File Type="ROUTE-STATUS" Name="two7segment_route_status.rpt"/>
  <File Type="ROUTE-PWR-RPX" Name="two7segment_power_routed.rpx"/>
  <File Type="ROUTE-PWR-SUM" Name="two7segment_power_summary_routed.pb"/>
  <File Type="ROUTE-PWR" Name="two7segment_power_routed.rpt"/>
  <File Type="ROUTE-METHODOLOGY-DRC-PB" Name="two7segment_methodology_drc_routed.pb"/>
  <File Type="ROUTE-METHODOLOGY-DRC-RPX" Name="two7segment_methodology_drc_routed.rpx"/>
  <File Type="ROUTE-METHODOLOGY-DRC" Name="two7segment_methodology_drc_routed.rpt"/>
  <File Type="ROUTE-DRC-RPX" Name="two7segment_drc_routed.rpx"/>
  <File Type="ROUTE-DRC-PB" Name="two7segment_drc_routed.pb"/>
  <File Type="ROUTE-DRC" Name="two7segment_drc_routed.rpt"/>
  <File Type="ROUTE-BLACKBOX-DCP" Name="two7segment_routed_bb.dcp"/>
  <File Type="ROUTE-DCP" Name="two7segment_routed.dcp"/>
  <File Type="ROUTE-ERROR-DCP" Name="two7segment_routed_error.dcp"/>
  <File Type="PHYSOPT-TIMING" Name="two7segment_timing_summary_physopted.rpt"/>
  <File Type="PHYSOPT-DRC" Name="two7segment_drc_physopted.rpt"/>
  <File Type="PHYSOPT-DCP" Name="two7segment_physopt.dcp"/>
  <File Type="POSTPLACE-PWROPT-TIMING" Name="two7segment_timing_summary_postplace_pwropted.rpt"/>
  <File Type="RDI-RDI" Name="two7segment.vdi"/>
  <File Type="PLACE-TIMING" Name="two7segment_timing_summary_placed.rpt"/>
  <File Type="PLACE-PRE-SIMILARITY" Name="two7segment_incremental_reuse_pre_placed.rpt"/>
  <File Type="PLACE-SIMILARITY" Name="two7segment_incremental_reuse_placed.rpt"/>
  <File Type="PLACE-CTRL" Name="two7segment_control_sets_placed.rpt"/>
  <File Type="PLACE-UTIL-PB" Name="two7segment_utilization_placed.pb"/>
  <File Type="PLACE-UTIL" Name="two7segment_utilization_placed.rpt"/>
  <File Type="PLACE-CLK" Name="two7segment_clock_utilization_placed.rpt"/>
  <File Type="PLACE-IO" Name="two7segment_io_placed.rpt"/>
  <File Type="PLACE-DCP" Name="two7segment_placed.dcp"/>
  <File Type="PWROPT-TIMING" Name="two7segment_timing_summary_pwropted.rpt"/>
  <File Type="PWROPT-DRC" Name="two7segment_drc_pwropted.rpt"/>
  <File Type="PWROPT-DCP" Name="two7segment_pwropt.dcp"/>
  <File Type="OPT-TIMING" Name="two7segment_timing_summary_opted.rpt"/>
  <File Type="OPT-HWDEF" Name="two7segment.hwdef"/>
  <File Type="OPT-METHODOLOGY-DRC" Name="two7segment_methodology_drc_opted.rpt"/>
  <File Type="OPT-DRC" Name="two7segment_drc_opted.rpt"/>
  <File Type="OPT-DCP" Name="two7segment_opt.dcp"/>
  <File Type="INIT-TIMING" Name="two7segment_timing_summary_init.rpt"/>
  <File Type="POSTPLACE-PWROPT-DCP" Name="two7segment_postplace_pwropt.dcp"/>
  <File Type="PA-TCL" Name="two7segment.tcl"/>
  <FileSet Name="sources" Type="DesignSrcs" RelSrcDir="$PSRCDIR/sources_1">
    <Filter Type="Srcs"/>
    <File Path="$PSRCDIR/sources_1/new/main.v">
      <FileInfo>
        <Attr Name="UsedIn" Val="synthesis"/>
        <Attr Name="UsedIn" Val="implementation"/>
        <Attr Name="UsedIn" Val="simulation"/>
      </FileInfo>
    </File>
    <Config>
      <Option Name="DesignMode" Val="RTL"/>
      <Option Name="TopModule" Val="two7segment"/>
      <Option Name="TopAutoSet" Val="TRUE"/>
    </Config>
  </FileSet>
  <FileSet Name="constrs_in" Type="Constrs" RelSrcDir="$PSRCDIR/constrs_1">
    <Filter Type="Constrs"/>
    <File Path="$PSRCDIR/constrs_1/new/main.xdc">
      <FileInfo>
        <Attr Name="UsedIn" Val="synthesis"/>
        <Attr Name="UsedIn" Val="implementation"/>
      </FileInfo>
    </File>
    <Config>
      <Option Name="ConstrsType" Val="XDC"/>
    </Config>
  </FileSet>
  <Strategy Version="1" Minor="2">
    <StratHandle Name="Vivado Implementation Defaults" Flow="Vivado Implementation 2017"/>
    <Step Id="init_design"/>
    <Step Id="opt_design"/>
    <Step Id="power_opt_design"/>
    <Step Id="place_design"/>
    <Step Id="post_place_power_opt_design"/>
    <Step Id="phys_opt_design"/>
    <Step Id="route_design"/>
    <Step Id="post_route_phys_opt_design"/>
    <Step Id="write_bitstream"/>
  </Strategy>
</GenRun>
