<?xml version="1.0" encoding="UTF-8"?>
<GenRun Id="synth_1" LaunchPart="xc7a35ticpg236-1L" LaunchTime="1509718268">
  <File Type="VDS-TIMING-PB" Name="two7segment_timing_summary_synth.pb"/>
  <File Type="VDS-TIMINGSUMMARY" Name="two7segment_timing_summary_synth.rpt"/>
  <File Type="RDS-DCP" Name="two7segment.dcp"/>
  <File Type="RDS-UTIL-PB" Name="two7segment_utilization_synth.pb"/>
  <File Type="RDS-UTIL" Name="two7segment_utilization_synth.rpt"/>
  <File Type="RDS-PROPCONSTRS" Name="two7segment_drc_synth.rpt"/>
  <File Type="RDS-RDS" Name="two7segment.vds"/>
  <File Type="PA-TCL" Name="two7segment.tcl"/>
  <FileSet Name="sources" Type="DesignSrcs" RelSrcDir="$PSRCDIR/sources_1">
    <Filter Type="Srcs"/>
    <File Path="$PSRCDIR/sources_1/new/main.v">
      <FileInfo>
        <Attr Name="UsedIn" Val="synthesis"/>
        <Attr Name="UsedIn" Val="implementation"/>
        <Attr Name="UsedIn" Val="simulation"/>
      </FileInfo>
    </File>
    <Config>
      <Option Name="DesignMode" Val="RTL"/>
      <Option Name="TopModule" Val="two7segment"/>
      <Option Name="TopAutoSet" Val="TRUE"/>
    </Config>
  </FileSet>
  <FileSet Name="constrs_in" Type="Constrs" RelSrcDir="$PSRCDIR/constrs_1">
    <Filter Type="Constrs"/>
    <File Path="$PSRCDIR/constrs_1/new/main.xdc">
      <FileInfo>
        <Attr Name="UsedIn" Val="synthesis"/>
        <Attr Name="UsedIn" Val="implementation"/>
      </FileInfo>
    </File>
    <Config>
      <Option Name="ConstrsType" Val="XDC"/>
    </Config>
  </FileSet>
  <Strategy Version="1" Minor="2">
    <StratHandle Name="Vivado Synthesis Defaults" Flow="Vivado Synthesis 2017"/>
    <Step Id="synth_design"/>
  </Strategy>
</GenRun>
