<?xml version="1.0" encoding="UTF-8"?>
<GenRun Id="impl_1" LaunchPart="xc7a35ticpg236-1L" LaunchTime="1509471729">
  <File Type="WBT-USG" Name="usage_statistics_webtalk.html"/>
  <File Type="BG-DRC" Name="lab9.drc"/>
  <File Type="BG-BGN" Name="lab9.bgn"/>
  <File Type="BITSTR-SYSDEF" Name="lab9.sysdef"/>
  <File Type="BITSTR-MMI" Name="lab9.mmi"/>
  <File Type="BITSTR-BMM" Name="lab9_bd.bmm"/>
  <File Type="BITSTR-NKY" Name="lab9.nky"/>
  <File Type="BITSTR-RBT" Name="lab9.rbt"/>
  <File Type="BITSTR-MSK" Name="lab9.msk"/>
  <File Type="BG-BIN" Name="lab9.bin"/>
  <File Type="BG-BIT" Name="lab9.bit"/>
  <File Type="POSTROUTE-PHYSOPT-TIMING-RPX" Name="lab9_timing_summary_postroute_physopted.rpx"/>
  <File Type="POSTROUTE-PHYSOPT-TIMING-PB" Name="lab9_timing_summary_postroute_physopted.pb"/>
  <File Type="POSTROUTE-PHYSOPT-TIMING" Name="lab9_timing_summary_postroute_physopted.rpt"/>
  <File Type="POSTROUTE-PHYSOPT-BLACKBOX-DCP" Name="lab9_postroute_physopt_bb.dcp"/>
  <File Type="POSTROUTE-PHYSOPT-DCP" Name="lab9_postroute_physopt.dcp"/>
  <File Type="ROUTE-CLK" Name="lab9_clock_utilization_routed.rpt"/>
  <File Type="ROUTE-SIMILARITY" Name="lab9_incremental_reuse_routed.rpt"/>
  <File Type="ROUTE-TIMING-RPX" Name="lab9_timing_summary_routed.rpx"/>
  <File Type="ROUTE-TIMING-PB" Name="lab9_timing_summary_routed.pb"/>
  <File Type="ROUTE-TIMINGSUMMARY" Name="lab9_timing_summary_routed.rpt"/>
  <File Type="ROUTE-STATUS-PB" Name="lab9_route_status.pb"/>
  <File Type="ROUTE-STATUS" Name="lab9_route_status.rpt"/>
  <File Type="PLACE-CTRL" Name="lab9_control_sets_placed.rpt"/>
  <File Type="PLACE-IO" Name="lab9_io_placed.rpt"/>
  <File Type="PWROPT-TIMING" Name="lab9_timing_summary_pwropted.rpt"/>
  <File Type="PLACE-DCP" Name="lab9_placed.dcp"/>
  <File Type="PLACE-UTIL-PB" Name="lab9_utilization_placed.pb"/>
  <File Type="PHYSOPT-TIMING" Name="lab9_timing_summary_physopted.rpt"/>
  <File Type="PWROPT-DRC" Name="lab9_drc_pwropted.rpt"/>
  <File Type="PWROPT-DCP" Name="lab9_pwropt.dcp"/>
  <File Type="PLACE-UTIL" Name="lab9_utilization_placed.rpt"/>
  <File Type="POSTPLACE-PWROPT-TIMING" Name="lab9_timing_summary_postplace_pwropted.rpt"/>
  <File Type="OPT-TIMING" Name="lab9_timing_summary_opted.rpt"/>
  <File Type="OPT-HWDEF" Name="lab9.hwdef"/>
  <File Type="PLACE-CLK" Name="lab9_clock_utilization_placed.rpt"/>
  <File Type="RDI-RDI" Name="lab9.vdi"/>
  <File Type="PLACE-TIMING" Name="lab9_timing_summary_placed.rpt"/>
  <File Type="INIT-TIMING" Name="lab9_timing_summary_init.rpt"/>
  <File Type="OPT-DRC" Name="lab9_drc_opted.rpt"/>
  <File Type="OPT-DCP" Name="lab9_opt.dcp"/>
  <File Type="OPT-METHODOLOGY-DRC" Name="lab9_methodology_drc_opted.rpt"/>
  <File Type="PLACE-PRE-SIMILARITY" Name="lab9_incremental_reuse_pre_placed.rpt"/>
  <File Type="PLACE-SIMILARITY" Name="lab9_incremental_reuse_placed.rpt"/>
  <File Type="PA-TCL" Name="lab9.tcl"/>
  <File Type="POSTPLACE-PWROPT-DCP" Name="lab9_postplace_pwropt.dcp"/>
  <File Type="PHYSOPT-DCP" Name="lab9_physopt.dcp"/>
  <File Type="PHYSOPT-DRC" Name="lab9_drc_physopted.rpt"/>
  <File Type="ROUTE-ERROR-DCP" Name="lab9_routed_error.dcp"/>
  <File Type="ROUTE-DCP" Name="lab9_routed.dcp"/>
  <File Type="ROUTE-BLACKBOX-DCP" Name="lab9_routed_bb.dcp"/>
  <File Type="ROUTE-DRC" Name="lab9_drc_routed.rpt"/>
  <File Type="ROUTE-METHODOLOGY-DRC" Name="lab9_methodology_drc_routed.rpt"/>
  <File Type="ROUTE-DRC-PB" Name="lab9_drc_routed.pb"/>
  <File Type="ROUTE-METHODOLOGY-DRC-PB" Name="lab9_methodology_drc_routed.pb"/>
  <File Type="ROUTE-DRC-RPX" Name="lab9_drc_routed.rpx"/>
  <File Type="ROUTE-PWR" Name="lab9_power_routed.rpt"/>
  <File Type="ROUTE-METHODOLOGY-DRC-RPX" Name="lab9_methodology_drc_routed.rpx"/>
  <File Type="ROUTE-PWR-SUM" Name="lab9_power_summary_routed.pb"/>
  <File Type="ROUTE-PWR-RPX" Name="lab9_power_routed.rpx"/>
  <FileSet Name="sources" Type="DesignSrcs" RelSrcDir="$PSRCDIR/sources_1">
    <Filter Type="Srcs"/>
    <File Path="$PSRCDIR/sources_1/new/main.v">
      <FileInfo>
        <Attr Name="UsedIn" Val="synthesis"/>
        <Attr Name="UsedIn" Val="implementation"/>
        <Attr Name="UsedIn" Val="simulation"/>
      </FileInfo>
    </File>
    <Config>
      <Option Name="DesignMode" Val="RTL"/>
      <Option Name="TopModule" Val="lab9"/>
      <Option Name="TopAutoSet" Val="TRUE"/>
    </Config>
  </FileSet>
  <FileSet Name="constrs_in" Type="Constrs" RelSrcDir="$PSRCDIR/constrs_1">
    <Filter Type="Constrs"/>
    <File Path="$PSRCDIR/constrs_1/new/main.xdc">
      <FileInfo>
        <Attr Name="UsedIn" Val="synthesis"/>
        <Attr Name="UsedIn" Val="implementation"/>
      </FileInfo>
    </File>
    <Config>
      <Option Name="ConstrsType" Val="XDC"/>
    </Config>
  </FileSet>
  <Strategy Version="1" Minor="2">
    <StratHandle Name="Vivado Implementation Defaults" Flow="Vivado Implementation 2017">
      <Desc>Default settings for Implementation.</Desc>
    </StratHandle>
    <Step Id="init_design"/>
    <Step Id="opt_design"/>
    <Step Id="power_opt_design"/>
    <Step Id="place_design"/>
    <Step Id="post_place_power_opt_design"/>
    <Step Id="phys_opt_design"/>
    <Step Id="route_design"/>
    <Step Id="post_route_phys_opt_design"/>
    <Step Id="write_bitstream"/>
  </Strategy>
</GenRun>
